{
    "plddts": {
        "model_1": 94.60427148863978,
        "model_2": 94.78103413902087,
        "model_3": 94.27706421706792,
        "model_4": 93.98361450948596,
        "model_5": 93.53429601252873,
        "model_1_ptm": 94.38576869676977,
        "model_2_ptm": 95.07695084853675,
        "model_3_ptm": 95.07632408935726,
        "model_4_ptm": 94.5318190235094,
        "model_5_ptm": 94.32666259439966
    },
    "order": [
        "model_2_ptm",
        "model_3_ptm",
        "model_2",
        "model_1",
        "model_4_ptm",
        "model_1_ptm",
        "model_5_ptm",
        "model_3",
        "model_4",
        "model_5"
    ]
}