{
    "plddts": {
        "model_1": 88.3073881216024,
        "model_2": 88.08078748848963,
        "model_3": 88.49627505513858,
        "model_4": 88.13711012507564,
        "model_5": 86.85747882855271,
        "model_1_ptm": 87.73058932354112,
        "model_2_ptm": 87.91074381404115,
        "model_3_ptm": 88.9189619403909,
        "model_4_ptm": 88.18479938439808,
        "model_5_ptm": 87.67675212034885
    },
    "order": [
        "model_3_ptm",
        "model_3",
        "model_1",
        "model_4_ptm",
        "model_4",
        "model_2",
        "model_2_ptm",
        "model_1_ptm",
        "model_5_ptm",
        "model_5"
    ]
}