{
    "plddts": {
        "model_1": 93.85453215471328,
        "model_2": 94.08583911106238,
        "model_3": 94.04925676053097,
        "model_4": 93.99076614607328,
        "model_5": 94.01770316442273,
        "model_1_ptm": 93.24143410516011,
        "model_2_ptm": 93.23854697306558,
        "model_3_ptm": 94.74425021735401,
        "model_4_ptm": 94.16457909280031,
        "model_5_ptm": 93.82088273146093
    },
    "order": [
        "model_3_ptm",
        "model_4_ptm",
        "model_2",
        "model_3",
        "model_5",
        "model_4",
        "model_1",
        "model_5_ptm",
        "model_1_ptm",
        "model_2_ptm"
    ]
}