{
    "plddts": {
        "model_1": 94.51938741581047,
        "model_2": 94.46093144944153,
        "model_3": 94.22927732837655,
        "model_4": 94.29442539305438,
        "model_5": 94.03040712628743,
        "model_1_ptm": 94.1425931607291,
        "model_2_ptm": 94.1923798803453,
        "model_3_ptm": 94.61645912438729,
        "model_4_ptm": 94.00754044668759,
        "model_5_ptm": 94.24214793188932
    },
    "order": [
        "model_3_ptm",
        "model_1",
        "model_2",
        "model_4",
        "model_5_ptm",
        "model_3",
        "model_2_ptm",
        "model_1_ptm",
        "model_5",
        "model_4_ptm"
    ]
}