{
    "plddts": {
        "model_1": 91.38522756647575,
        "model_2": 89.73460244341149,
        "model_3": 91.52570566943515,
        "model_4": 92.46036355437768,
        "model_5": 92.21743230397087,
        "model_1_ptm": 93.19147805503731,
        "model_2_ptm": 86.7697481365267,
        "model_3_ptm": 90.12099896879944,
        "model_4_ptm": 93.67283875742008,
        "model_5_ptm": 92.3771460890447
    },
    "order": [
        "model_4_ptm",
        "model_1_ptm",
        "model_4",
        "model_5_ptm",
        "model_5",
        "model_3",
        "model_1",
        "model_3_ptm",
        "model_2",
        "model_2_ptm"
    ]
}