{
    "plddts": {
        "model_1": 92.02197094719521,
        "model_2": 91.64033412011482,
        "model_3": 91.16329513715971,
        "model_4": 91.75279600956321,
        "model_5": 92.13782072522852,
        "model_1_ptm": 93.93747125619166,
        "model_2_ptm": 87.03246026226729,
        "model_3_ptm": 90.20472791541069,
        "model_4_ptm": 94.10719235781991,
        "model_5_ptm": 93.1288658102004
    },
    "order": [
        "model_4_ptm",
        "model_1_ptm",
        "model_5_ptm",
        "model_5",
        "model_1",
        "model_4",
        "model_2",
        "model_3",
        "model_3_ptm",
        "model_2_ptm"
    ]
}