{
    "features": 1098.2576818466187,
    "process_features_model_1": 3.0349137783050537,
    "predict_and_compile_model_1": 86.37827110290527,
    "relax_model_1": 28.387638568878174,
    "process_features_model_2": 2.150327444076538,
    "predict_and_compile_model_2": 83.47902846336365,
    "relax_model_2": 5.25661301612854,
    "process_features_model_3": 1.5814268589019775,
    "predict_and_compile_model_3": 58.36937689781189,
    "relax_model_3": 5.423016786575317,
    "process_features_model_4": 1.6802728176116943,
    "predict_and_compile_model_4": 55.7536141872406,
    "relax_model_4": 3.9786107540130615,
    "process_features_model_5": 2.0068440437316895,
    "predict_and_compile_model_5": 56.16657018661499,
    "relax_model_5": 4.0457305908203125,
    "process_features_model_1_ptm": 2.2961983680725098,
    "predict_and_compile_model_1_ptm": 86.88276815414429,
    "relax_model_1_ptm": 4.254278659820557,
    "process_features_model_2_ptm": 2.29023814201355,
    "predict_and_compile_model_2_ptm": 85.7883448600769,
    "relax_model_2_ptm": 4.261901140213013,
    "process_features_model_3_ptm": 1.8410472869873047,
    "predict_and_compile_model_3_ptm": 61.568881034851074,
    "relax_model_3_ptm": 4.301887512207031,
    "process_features_model_4_ptm": 1.887834072113037,
    "predict_and_compile_model_4_ptm": 58.8456175327301,
    "relax_model_4_ptm": 4.21254825592041,
    "process_features_model_5_ptm": 1.8520565032958984,
    "predict_and_compile_model_5_ptm": 58.49844813346863,
    "relax_model_5_ptm": 4.760159969329834
}