{
    "plddts": {
        "model_1": 94.19131314677402,
        "model_2": 93.64465169141761,
        "model_3": 94.06089107797719,
        "model_4": 93.70320804234133,
        "model_5": 92.56310884353805,
        "model_1_ptm": 93.4222189378369,
        "model_2_ptm": 94.0699501877069,
        "model_3_ptm": 94.32635897073986,
        "model_4_ptm": 94.10741046410963,
        "model_5_ptm": 93.24514226725151
    },
    "order": [
        "model_3_ptm",
        "model_1",
        "model_4_ptm",
        "model_2_ptm",
        "model_3",
        "model_4",
        "model_2",
        "model_1_ptm",
        "model_5_ptm",
        "model_5"
    ]
}