{
    "plddts": {
        "model_1": 94.63448351998287,
        "model_2": 94.96016830477204,
        "model_3": 95.36664337795776,
        "model_4": 94.39998615098928,
        "model_5": 94.70773847613351,
        "model_1_ptm": 94.47488483940442,
        "model_2_ptm": 94.98225217596917,
        "model_3_ptm": 95.61843830416363,
        "model_4_ptm": 95.17921582034833,
        "model_5_ptm": 94.1605387611932
    },
    "order": [
        "model_3_ptm",
        "model_3",
        "model_4_ptm",
        "model_2_ptm",
        "model_2",
        "model_5",
        "model_1",
        "model_1_ptm",
        "model_4",
        "model_5_ptm"
    ]
}