{
    "plddts": {
        "model_1": 93.93356506223148,
        "model_2": 94.00206001345447,
        "model_3": 94.03613771677345,
        "model_4": 93.76373634726772,
        "model_5": 92.9032827237744,
        "model_1_ptm": 93.89174750025107,
        "model_2_ptm": 93.11273262503826,
        "model_3_ptm": 94.69183832140557,
        "model_4_ptm": 94.21043673505359,
        "model_5_ptm": 94.05761436169055
    },
    "order": [
        "model_3_ptm",
        "model_4_ptm",
        "model_5_ptm",
        "model_3",
        "model_2",
        "model_1",
        "model_1_ptm",
        "model_4",
        "model_2_ptm",
        "model_5"
    ]
}