{
    "plddts": {
        "model_1": 93.4277620461989,
        "model_2": 93.37895616770449,
        "model_3": 93.64482526724072,
        "model_4": 93.28456135627272,
        "model_5": 92.09877119747699,
        "model_1_ptm": 92.98803995612839,
        "model_2_ptm": 92.75083766962454,
        "model_3_ptm": 93.82480641098455,
        "model_4_ptm": 93.38244821387055,
        "model_5_ptm": 92.83348889864416
    },
    "order": [
        "model_3_ptm",
        "model_3",
        "model_1",
        "model_4_ptm",
        "model_2",
        "model_4",
        "model_1_ptm",
        "model_5_ptm",
        "model_2_ptm",
        "model_5"
    ]
}