{
    "plddts": {
        "model_1": 91.77806767144772,
        "model_2": 91.34663035739203,
        "model_3": 90.74764586002246,
        "model_4": 90.6548706397478,
        "model_5": 89.43162345518809,
        "model_1_ptm": 91.18333405883558,
        "model_2_ptm": 91.1183466602109,
        "model_3_ptm": 91.2311168853799,
        "model_4_ptm": 90.74618088747805,
        "model_5_ptm": 90.29226624617955
    },
    "order": [
        "model_1",
        "model_2",
        "model_3_ptm",
        "model_1_ptm",
        "model_2_ptm",
        "model_3",
        "model_4_ptm",
        "model_4",
        "model_5_ptm",
        "model_5"
    ]
}