{
    "plddts": {
        "model_1": 92.73350009799155,
        "model_2": 92.7669864005465,
        "model_3": 92.24513289681254,
        "model_4": 92.32575465949374,
        "model_5": 91.6982138950491,
        "model_1_ptm": 91.84846537362787,
        "model_2_ptm": 92.6650886505048,
        "model_3_ptm": 92.94615145134786,
        "model_4_ptm": 92.67111389611564,
        "model_5_ptm": 92.0470258077467
    },
    "order": [
        "model_3_ptm",
        "model_2",
        "model_1",
        "model_4_ptm",
        "model_2_ptm",
        "model_4",
        "model_3",
        "model_5_ptm",
        "model_1_ptm",
        "model_5"
    ]
}