{
    "plddts": {
        "model_1": 93.1502403923059,
        "model_2": 93.15788703303028,
        "model_3": 93.770895696444,
        "model_4": 93.24030279795512,
        "model_5": 92.76654486052925,
        "model_1_ptm": 92.81575416128867,
        "model_2_ptm": 93.10469808082449,
        "model_3_ptm": 94.23848417830877,
        "model_4_ptm": 93.29948130115609,
        "model_5_ptm": 93.55247817951073
    },
    "order": [
        "model_3_ptm",
        "model_3",
        "model_5_ptm",
        "model_4_ptm",
        "model_4",
        "model_2",
        "model_1",
        "model_2_ptm",
        "model_1_ptm",
        "model_5"
    ]
}