{
    "plddts": {
        "model_1": 94.28328610698836,
        "model_2": 94.2144299885409,
        "model_3": 94.6357007014845,
        "model_4": 94.63825496286228,
        "model_5": 94.05620127286403,
        "model_1_ptm": 94.03174443372343,
        "model_2_ptm": 94.23370275437638,
        "model_3_ptm": 95.04704984940413,
        "model_4_ptm": 94.4312498349575,
        "model_5_ptm": 94.29220777629331
    },
    "order": [
        "model_3_ptm",
        "model_4",
        "model_3",
        "model_4_ptm",
        "model_5_ptm",
        "model_1",
        "model_2_ptm",
        "model_2",
        "model_5",
        "model_1_ptm"
    ]
}