{
    "plddts": {
        "model_1": 94.44386175142218,
        "model_2": 94.9691497073916,
        "model_3": 95.19457219962997,
        "model_4": 94.50552660941753,
        "model_5": 94.06420800355794,
        "model_1_ptm": 94.67270188643819,
        "model_2_ptm": 94.83171474239549,
        "model_3_ptm": 95.8590154581038,
        "model_4_ptm": 94.95273070801383,
        "model_5_ptm": 94.48346128758465
    },
    "order": [
        "model_3_ptm",
        "model_3",
        "model_2",
        "model_4_ptm",
        "model_2_ptm",
        "model_1_ptm",
        "model_4",
        "model_5_ptm",
        "model_1",
        "model_5"
    ]
}