{
    "plddts": {
        "model_1": 95.04203448263436,
        "model_2": 94.50598641343565,
        "model_3": 94.92756934333454,
        "model_4": 94.67412832787114,
        "model_5": 93.50970256055938,
        "model_1_ptm": 94.38824984656631,
        "model_2_ptm": 94.55182512063345,
        "model_3_ptm": 95.68395275198725,
        "model_4_ptm": 94.89070420990089,
        "model_5_ptm": 94.11087061850701
    },
    "order": [
        "model_3_ptm",
        "model_1",
        "model_3",
        "model_4_ptm",
        "model_4",
        "model_2_ptm",
        "model_2",
        "model_1_ptm",
        "model_5_ptm",
        "model_5"
    ]
}