{
    "plddts": {
        "model_1": 93.53850045442809,
        "model_2": 93.96706689610964,
        "model_3": 93.81228660224309,
        "model_4": 93.53018603752501,
        "model_5": 92.9823631755189,
        "model_1_ptm": 92.7840174536459,
        "model_2_ptm": 93.84175179784422,
        "model_3_ptm": 94.0089726942464,
        "model_4_ptm": 93.37437936317761,
        "model_5_ptm": 93.2478069572716
    },
    "order": [
        "model_3_ptm",
        "model_2",
        "model_2_ptm",
        "model_3",
        "model_1",
        "model_4",
        "model_4_ptm",
        "model_5_ptm",
        "model_5",
        "model_1_ptm"
    ]
}