{
    "plddts": {
        "model_1": 92.16632479852933,
        "model_2": 92.14874389698022,
        "model_3": 92.26813852867606,
        "model_4": 91.98561104236624,
        "model_5": 91.34304028713942,
        "model_1_ptm": 91.93839289286458,
        "model_2_ptm": 92.00626196917837,
        "model_3_ptm": 92.59480960897895,
        "model_4_ptm": 92.3889094312466,
        "model_5_ptm": 91.39589306583761
    },
    "order": [
        "model_3_ptm",
        "model_4_ptm",
        "model_3",
        "model_1",
        "model_2",
        "model_2_ptm",
        "model_4",
        "model_1_ptm",
        "model_5_ptm",
        "model_5"
    ]
}