{
    "plddts": {
        "model_1": 92.80083469830954,
        "model_2": 92.95477866414335,
        "model_3": 93.15305906354268,
        "model_4": 92.93484498524788,
        "model_5": 91.88677816251905,
        "model_1_ptm": 92.35311896630782,
        "model_2_ptm": 92.40668532127519,
        "model_3_ptm": 94.21500427729141,
        "model_4_ptm": 93.00388940622527,
        "model_5_ptm": 92.10532831924
    },
    "order": [
        "model_3_ptm",
        "model_3",
        "model_4_ptm",
        "model_2",
        "model_4",
        "model_1",
        "model_2_ptm",
        "model_1_ptm",
        "model_5_ptm",
        "model_5"
    ]
}