{
    "plddts": {
        "model_1": 92.90532481074672,
        "model_2": 93.02876026585088,
        "model_3": 92.13990149564742,
        "model_4": 92.5813783456125,
        "model_5": 91.88523239771266,
        "model_1_ptm": 92.47867245117702,
        "model_2_ptm": 92.5818891008069,
        "model_3_ptm": 93.23128102114757,
        "model_4_ptm": 92.28961608257569,
        "model_5_ptm": 92.53084180910638
    },
    "order": [
        "model_3_ptm",
        "model_2",
        "model_1",
        "model_2_ptm",
        "model_4",
        "model_5_ptm",
        "model_1_ptm",
        "model_4_ptm",
        "model_3",
        "model_5"
    ]
}