{
    "plddts": {
        "model_1": 92.58304781759536,
        "model_2": 92.43586049757108,
        "model_3": 92.42633898550712,
        "model_4": 92.14749351275138,
        "model_5": 91.84554268754016,
        "model_1_ptm": 91.94024843327122,
        "model_2_ptm": 92.42668074761372,
        "model_3_ptm": 92.85379109719119,
        "model_4_ptm": 92.24475522109599,
        "model_5_ptm": 92.2560041992185
    },
    "order": [
        "model_3_ptm",
        "model_1",
        "model_2",
        "model_2_ptm",
        "model_3",
        "model_5_ptm",
        "model_4_ptm",
        "model_4",
        "model_1_ptm",
        "model_5"
    ]
}