{
    "plddts": {
        "model_1": 92.85862526143798,
        "model_2": 92.84592489513199,
        "model_3": 92.38988427972897,
        "model_4": 92.09695642723442,
        "model_5": 90.99530861543624,
        "model_1_ptm": 92.39428991153424,
        "model_2_ptm": 92.40366602763872,
        "model_3_ptm": 93.00250856617131,
        "model_4_ptm": 92.52261172039094,
        "model_5_ptm": 91.58388267687188
    },
    "order": [
        "model_3_ptm",
        "model_1",
        "model_2",
        "model_4_ptm",
        "model_2_ptm",
        "model_1_ptm",
        "model_3",
        "model_4",
        "model_5_ptm",
        "model_5"
    ]
}