{
    "plddts": {
        "model_1": 94.19042952191823,
        "model_2": 93.85210086571682,
        "model_3": 94.01938280154609,
        "model_4": 93.22949882596227,
        "model_5": 92.90480632602716,
        "model_1_ptm": 93.56510540532113,
        "model_2_ptm": 93.6040628339409,
        "model_3_ptm": 94.56972498617358,
        "model_4_ptm": 93.37618784206292,
        "model_5_ptm": 93.74686153555137
    },
    "order": [
        "model_3_ptm",
        "model_1",
        "model_3",
        "model_2",
        "model_5_ptm",
        "model_2_ptm",
        "model_1_ptm",
        "model_4_ptm",
        "model_4",
        "model_5"
    ]
}