{
    "plddts": {
        "model_1": 94.5161642334891,
        "model_2": 94.80059822409541,
        "model_3": 94.67947704697832,
        "model_4": 94.62700655519488,
        "model_5": 93.46211248956537,
        "model_1_ptm": 94.57976087791023,
        "model_2_ptm": 94.8832585255874,
        "model_3_ptm": 95.17722824853308,
        "model_4_ptm": 94.69628849313047,
        "model_5_ptm": 94.6779793099076
    },
    "order": [
        "model_3_ptm",
        "model_2_ptm",
        "model_2",
        "model_4_ptm",
        "model_3",
        "model_5_ptm",
        "model_4",
        "model_1_ptm",
        "model_1",
        "model_5"
    ]
}