{
    "plddts": {
        "model_1": 91.73379753212238,
        "model_2": 91.98248162267632,
        "model_3": 92.06738012055729,
        "model_4": 92.62694199841052,
        "model_5": 91.26172940014324,
        "model_1_ptm": 91.38258321036501,
        "model_2_ptm": 91.78177580320207,
        "model_3_ptm": 93.48969723894038,
        "model_4_ptm": 93.15592340541559,
        "model_5_ptm": 91.23554536331383
    },
    "order": [
        "model_3_ptm",
        "model_4_ptm",
        "model_4",
        "model_3",
        "model_2",
        "model_2_ptm",
        "model_1",
        "model_1_ptm",
        "model_5",
        "model_5_ptm"
    ]
}