{
    "plddts": {
        "model_1": 94.5196708898752,
        "model_2": 94.60216591236235,
        "model_3": 94.35143474857927,
        "model_4": 94.13847726343455,
        "model_5": 93.21070441132741,
        "model_1_ptm": 93.9114368280345,
        "model_2_ptm": 94.32026716961104,
        "model_3_ptm": 95.02060512698253,
        "model_4_ptm": 95.00623038693846,
        "model_5_ptm": 94.18731941207663
    },
    "order": [
        "model_3_ptm",
        "model_4_ptm",
        "model_2",
        "model_1",
        "model_3",
        "model_2_ptm",
        "model_5_ptm",
        "model_4",
        "model_1_ptm",
        "model_5"
    ]
}