{
    "plddts": {
        "model_1": 94.01513283014,
        "model_2": 94.76362545870089,
        "model_3": 94.48642524792187,
        "model_4": 94.35289243896015,
        "model_5": 93.44080719111587,
        "model_1_ptm": 93.20193268781391,
        "model_2_ptm": 94.71628137668966,
        "model_3_ptm": 94.66486411754477,
        "model_4_ptm": 94.15804204223818,
        "model_5_ptm": 92.42382696461458
    },
    "order": [
        "model_2",
        "model_2_ptm",
        "model_3_ptm",
        "model_3",
        "model_4",
        "model_4_ptm",
        "model_1",
        "model_5",
        "model_1_ptm",
        "model_5_ptm"
    ]
}