{
    "plddts": {
        "model_1": 94.16435584980619,
        "model_2": 94.20402207560895,
        "model_3": 94.49823944611659,
        "model_4": 93.9725667411966,
        "model_5": 93.1098956242269,
        "model_1_ptm": 93.69259045281576,
        "model_2_ptm": 93.82305252986774,
        "model_3_ptm": 94.73132227405051,
        "model_4_ptm": 93.76316014063167,
        "model_5_ptm": 93.6606236360096
    },
    "order": [
        "model_3_ptm",
        "model_3",
        "model_2",
        "model_1",
        "model_4",
        "model_2_ptm",
        "model_4_ptm",
        "model_1_ptm",
        "model_5_ptm",
        "model_5"
    ]
}