{
    "plddts": {
        "model_1": 94.77487420189463,
        "model_2": 93.12543960335069,
        "model_3": 93.22369780810202,
        "model_4": 93.75251492936626,
        "model_5": 91.25871145604941,
        "model_1_ptm": 92.77558276000718,
        "model_2_ptm": 92.39066297336352,
        "model_3_ptm": 95.25377089311296,
        "model_4_ptm": 93.27945327066949,
        "model_5_ptm": 92.67558718429268
    },
    "order": [
        "model_3_ptm",
        "model_1",
        "model_4",
        "model_4_ptm",
        "model_3",
        "model_2",
        "model_1_ptm",
        "model_5_ptm",
        "model_2_ptm",
        "model_5"
    ]
}