{
    "plddts": {
        "model_1": 93.27109933304413,
        "model_2": 93.50255339557091,
        "model_3": 93.74538515494189,
        "model_4": 93.00388168544477,
        "model_5": 93.79853694818516,
        "model_1_ptm": 93.9791049539419,
        "model_2_ptm": 93.0092654705398,
        "model_3_ptm": 94.68420951115121,
        "model_4_ptm": 93.78465782805209,
        "model_5_ptm": 94.2415050083324
    },
    "order": [
        "model_3_ptm",
        "model_5_ptm",
        "model_1_ptm",
        "model_5",
        "model_4_ptm",
        "model_3",
        "model_2",
        "model_1",
        "model_2_ptm",
        "model_4"
    ]
}