{
    "plddts": {
        "model_1": 95.01773003502029,
        "model_2": 95.4216358034303,
        "model_3": 95.59363787628543,
        "model_4": 95.17306533507322,
        "model_5": 94.16449294891154,
        "model_1_ptm": 94.77857498192364,
        "model_2_ptm": 95.25441105875093,
        "model_3_ptm": 96.02514731673155,
        "model_4_ptm": 95.18842882949009,
        "model_5_ptm": 94.82476607943627
    },
    "order": [
        "model_3_ptm",
        "model_3",
        "model_2",
        "model_2_ptm",
        "model_4_ptm",
        "model_4",
        "model_1",
        "model_5_ptm",
        "model_1_ptm",
        "model_5"
    ]
}