{
    "plddts": {
        "model_1": 92.34562550531226,
        "model_2": 92.12744472271366,
        "model_3": 91.8372896820131,
        "model_4": 91.45749553232118,
        "model_5": 92.00727194748573,
        "model_1_ptm": 91.6082525579496,
        "model_2_ptm": 90.1948643418779,
        "model_3_ptm": 92.19427451138512,
        "model_4_ptm": 91.59099482457007,
        "model_5_ptm": 92.08487890686244
    },
    "order": [
        "model_1",
        "model_3_ptm",
        "model_2",
        "model_5_ptm",
        "model_5",
        "model_3",
        "model_1_ptm",
        "model_4_ptm",
        "model_4",
        "model_2_ptm"
    ]
}