{
    "plddts": {
        "model_1": 90.61867626175311,
        "model_2": 91.21496498816713,
        "model_3": 91.87842937408054,
        "model_4": 91.86365475125776,
        "model_5": 90.32116974803317,
        "model_1_ptm": 89.70100280800942,
        "model_2_ptm": 91.28567454051432,
        "model_3_ptm": 92.65237216066248,
        "model_4_ptm": 91.92611243565716,
        "model_5_ptm": 91.00350614453062
    },
    "order": [
        "model_3_ptm",
        "model_4_ptm",
        "model_3",
        "model_4",
        "model_2_ptm",
        "model_2",
        "model_5_ptm",
        "model_1",
        "model_5",
        "model_1_ptm"
    ]
}