{
    "plddts": {
        "model_1": 94.72796367163205,
        "model_2": 95.09516878715874,
        "model_3": 94.33724260843316,
        "model_4": 94.05582478463182,
        "model_5": 93.56518172907606,
        "model_1_ptm": 94.37814590338006,
        "model_2_ptm": 94.38726812600859,
        "model_3_ptm": 94.47381733214604,
        "model_4_ptm": 94.18185153924533,
        "model_5_ptm": 94.4243071277983
    },
    "order": [
        "model_2",
        "model_1",
        "model_3_ptm",
        "model_5_ptm",
        "model_2_ptm",
        "model_1_ptm",
        "model_3",
        "model_4_ptm",
        "model_4",
        "model_5"
    ]
}