{
    "plddts": {
        "model_1": 93.48168675699144,
        "model_2": 93.42482582926768,
        "model_3": 93.46439381989852,
        "model_4": 93.03029988955765,
        "model_5": 92.4268676507955,
        "model_1_ptm": 92.99903991255641,
        "model_2_ptm": 93.3659718642923,
        "model_3_ptm": 93.9619273264073,
        "model_4_ptm": 93.47495849175667,
        "model_5_ptm": 92.99696292775214
    },
    "order": [
        "model_3_ptm",
        "model_1",
        "model_4_ptm",
        "model_3",
        "model_2",
        "model_2_ptm",
        "model_4",
        "model_1_ptm",
        "model_5_ptm",
        "model_5"
    ]
}