{
    "plddts": {
        "model_1": 93.17258207752228,
        "model_2": 92.64914915019635,
        "model_3": 94.20797407269293,
        "model_4": 92.80345622007444,
        "model_5": 92.23334386326077,
        "model_1_ptm": 92.76961601016892,
        "model_2_ptm": 92.20816401109548,
        "model_3_ptm": 94.99427580260459,
        "model_4_ptm": 94.06365741306828,
        "model_5_ptm": 92.34550903748993
    },
    "order": [
        "model_3_ptm",
        "model_3",
        "model_4_ptm",
        "model_1",
        "model_4",
        "model_1_ptm",
        "model_2",
        "model_5_ptm",
        "model_5",
        "model_2_ptm"
    ]
}