{
    "plddts": {
        "model_1": 94.11088431465697,
        "model_2": 93.8163724125494,
        "model_3": 93.91487838274004,
        "model_4": 93.97980435726643,
        "model_5": 92.9352783121054,
        "model_1_ptm": 93.2107885977467,
        "model_2_ptm": 93.86085604468373,
        "model_3_ptm": 94.76982403539944,
        "model_4_ptm": 93.77985751664113,
        "model_5_ptm": 93.2507607605023
    },
    "order": [
        "model_3_ptm",
        "model_1",
        "model_4",
        "model_3",
        "model_2_ptm",
        "model_2",
        "model_4_ptm",
        "model_5_ptm",
        "model_1_ptm",
        "model_5"
    ]
}