{
    "plddts": {
        "model_1": 94.74950248890904,
        "model_2": 94.64179830651084,
        "model_3": 94.29310107505955,
        "model_4": 94.46761126392785,
        "model_5": 93.66942165175678,
        "model_1_ptm": 94.27088955683112,
        "model_2_ptm": 94.6005592548891,
        "model_3_ptm": 95.14626507311931,
        "model_4_ptm": 94.2577480387569,
        "model_5_ptm": 94.10245056871776
    },
    "order": [
        "model_3_ptm",
        "model_1",
        "model_2",
        "model_2_ptm",
        "model_4",
        "model_3",
        "model_1_ptm",
        "model_4_ptm",
        "model_5_ptm",
        "model_5"
    ]
}