{
    "plddts": {
        "model_1": 92.99471113035587,
        "model_2": 93.5904954916652,
        "model_3": 93.68723336572378,
        "model_4": 92.7446105626166,
        "model_5": 92.35706091935448,
        "model_1_ptm": 92.78836779735629,
        "model_2_ptm": 92.7601123878303,
        "model_3_ptm": 93.71632611242052,
        "model_4_ptm": 92.7590331589873,
        "model_5_ptm": 92.19217280045387
    },
    "order": [
        "model_3_ptm",
        "model_3",
        "model_2",
        "model_1",
        "model_1_ptm",
        "model_2_ptm",
        "model_4_ptm",
        "model_4",
        "model_5",
        "model_5_ptm"
    ]
}