{
    "plddts": {
        "model_1": 92.188635276707,
        "model_2": 92.3136198301986,
        "model_3": 92.35793070133407,
        "model_4": 91.79936749737759,
        "model_5": 91.19266376210227,
        "model_1_ptm": 91.65132961237985,
        "model_2_ptm": 91.70333979220588,
        "model_3_ptm": 92.01559553477797,
        "model_4_ptm": 92.12092649768593,
        "model_5_ptm": 91.72336503211189
    },
    "order": [
        "model_3",
        "model_2",
        "model_1",
        "model_4_ptm",
        "model_3_ptm",
        "model_4",
        "model_5_ptm",
        "model_2_ptm",
        "model_1_ptm",
        "model_5"
    ]
}